{
  "project_info": {
    "project_number": "666073084008",
    "firebase_url": "https://mywallet-e8c91.firebaseio.com",
    "project_id": "mywallet-e8c91",
    "storage_bucket": "mywallet-e8c91.appspot.com"
  },
  "client": [
    {
      "client_info": {
        "mobilesdk_app_id": "1:666073084008:android:13a210a13c4e768a",
        "android_client_info": {
          "package_name": "ballidaku.mywallet"
        }
      },
      "oauth_client": [
        {
          "client_id": "666073084008-ehuvsnn49popmso0710ucmmva1ast1tg.apps.googleusercontent.com",
          "client_type": 3
        }
      ],
      "api_key": [
        {
          "current_key": "AIzaSyA8WxiSK2vsEe0whkR4jPRHQaUXsQk_g54"
        }
      ],
      "services": {
        "analytics_service": {
          "status": 1
        },
        "appinvite_service": {
          "status": 1,
          "other_platform_oauth_client": []
        },
        "ads_service": {
          "status": 2
        }
      }
    }
  ],
  "configuration_version": "1"
}